id,first_name,last_name,email,gender,ip_address
1,Dotty,Strowther,dstrowther0@webeden.co.uk,Female,205.161.209.85
2,Roanna,Sives,rsives1@twitter.com,Female,100.183.138.74
3,Niels,Raithmill,nraithmill2@cisco.com,Male,171.169.47.152
4,Janela,Crim,jcrim3@blog.com,Female,95.86.66.10
5,Latashia,Roderick,lroderick4@google.nl,Female,142.245.83.94
6,Elsie,Bwye,ebwye5@deviantart.com,Female,13.195.185.31
7,Francisco,Girkin,fgirkin6@wsj.com,Male,91.124.132.165
8,Thadeus,Scotti,tscotti7@nsw.gov.au,Male,113.135.199.254
9,Dulcine,Dudson,ddudson8@youtu.be,Genderfluid,245.127.152.67
10,Mina,MacCallum,mmaccallum9@stanford.edu,Female,73.120.226.171
11,Aileen,Sammon,asammona@nhs.uk,Female,5.32.4.212
12,Gabriela,Larkcum,glarkcumb@youtube.com,Bigender,188.40.65.107
13,Terence,Bedle,tbedlec@a8.net,Male,174.217.129.169
14,Joanna,Chastan,jchastand@indiatimes.com,Female,190.205.198.73
15,Otes,Anglish,oanglishe@cdbaby.com,Male,138.90.91.119
16,Vinny,Pankettman,vpankettmanf@slashdot.org,Non-binary,143.249.131.76
17,Cori,Rigbye,crigbyeg@storify.com,Male,123.65.180.60
18,Ade,Cosford,acosfordh@washingtonpost.com,Male,246.36.142.142
19,Bearnard,Mileham,bmilehami@ibm.com,Male,249.64.60.85
20,Barbabas,Madill,bmadillj@freewebs.com,Male,227.212.98.138
21,Jacqueline,Kupisz,jkupiszk@last.fm,Female,151.10.64.20
22,Diandra,Tiner,dtinerl@delicious.com,Female,66.91.51.13
23,Othilie,Klimowski,oklimowskim@theguardian.com,Female,220.43.215.24
24,Bethany,Mew,bmewn@devhub.com,Female,71.62.246.78
25,Kara,Cozens,kcozenso@mtv.com,Female,65.56.168.173
26,Arte,Langeley,alangeleyp@surveymonkey.com,Genderqueer,201.213.29.43
27,Florri,Porritt,fporrittq@macromedia.com,Female,221.153.14.88
28,Reinhold,Piatek,rpiatekr@usnews.com,Male,188.172.46.201
29,Anthea,Greenley,agreenleys@a8.net,Genderqueer,142.78.123.139
30,Josie,Webster,jwebstert@tuttocitta.it,Female,181.145.120.153
31,Israel,Alsopp,ialsoppu@telegraph.co.uk,Male,37.136.92.117
32,Fan,Hordell,fhordellv@sohu.com,Female,14.77.14.115
33,Ethelin,Jojic,ejojicw@spotify.com,Female,221.137.74.87
34,Ramonda,Nix,rnixx@aol.com,Genderqueer,84.184.246.66
35,Barbi,Casillis,bcasillisy@bbb.org,Female,88.25.113.145
36,Dionysus,Samarth,dsamarthz@tinyurl.com,Male,41.7.225.152
37,Theda,Presland,tpresland10@cpanel.net,Non-binary,237.158.57.59
38,Glori,Hubber,ghubber11@youtube.com,Female,130.12.182.118
39,Ulrick,McCaster,umccaster12@myspace.com,Male,71.223.44.77
40,Thain,Lacroix,tlacroix13@discuz.net,Male,164.225.49.143
41,Essa,Isabell,eisabell14@google.cn,Bigender,229.86.85.147
42,Libby,Dubois,ldubois15@topsy.com,Female,185.43.166.120
43,Leonanie,Pert,lpert16@360.cn,Female,236.47.53.141
44,Urbain,Esel,uesel17@shareasale.com,Male,229.29.65.234
45,Pen,MacPike,pmacpike18@soup.io,Male,56.42.114.141
46,Jenelle,Ogden,jogden19@google.co.uk,Female,149.54.104.197
47,Greta,MacCleod,gmaccleod1a@answers.com,Female,103.225.73.91
48,Delmer,Embling,dembling1b@weebly.com,Male,146.231.232.225
49,Jonathan,Rosebotham,jrosebotham1c@gmpg.org,Male,110.123.31.127
50,Brook,Longson,blongson1d@wunderground.com,Bigender,103.115.32.64
51,Gunar,Marquese,gmarquese1e@ca.gov,Male,21.22.18.111
52,Kristos,Meachan,kmeachan1f@people.com.cn,Male,247.70.188.7
53,Miguel,Sellor,msellor1g@sun.com,Male,39.137.40.21
54,Pooh,Pittham,ppittham1h@hud.gov,Female,56.129.132.251
55,Elihu,Thonger,ethonger1i@uol.com.br,Male,177.110.82.222
56,Christina,Adamczyk,cadamczyk1j@yahoo.co.jp,Female,60.48.169.98
57,Yale,Tarpey,ytarpey1k@1und1.de,Non-binary,118.22.155.153
58,Adrian,Brightwell,abrightwell1l@accuweather.com,Male,249.187.13.170
59,Blaire,Pesterfield,bpesterfield1m@gnu.org,Female,179.12.179.64
60,Donia,Cragg,dcragg1n@pen.io,Female,35.125.253.159
61,Brynne,Tallboy,btallboy1o@freewebs.com,Female,192.240.79.189
62,Ermina,Kapelhof,ekapelhof1p@alexa.com,Agender,32.100.202.125
63,Dorry,Mailey,dmailey1q@lycos.com,Female,214.78.113.50
64,Derk,Pain,dpain1r@ning.com,Male,45.74.126.121
65,Maisey,Sooley,msooley1s@addthis.com,Agender,53.213.229.129
66,Granthem,Charity,gcharity1t@facebook.com,Male,230.5.219.248
67,Myrtie,Bailess,mbailess1u@si.edu,Female,214.84.32.24
68,Nichols,Jorck,njorck1v@clickbank.net,Male,120.178.95.53
69,Mack,Albon,malbon1w@google.nl,Male,246.79.39.86
70,Adina,Walwood,awalwood1x@smh.com.au,Female,138.139.93.217
71,Jude,Hailston,jhailston1y@wikia.com,Male,145.132.84.157
72,Lavinia,Dachey,ldachey1z@yahoo.com,Female,3.73.210.57
73,Archy,Whitnell,awhitnell20@npr.org,Male,130.176.11.199
74,Georgeanna,Santi,gsanti21@so-net.ne.jp,Female,169.78.42.240
75,Ertha,Christofor,echristofor22@canalblog.com,Non-binary,216.232.193.198
76,Saba,Ferenczi,sferenczi23@omniture.com,Female,241.76.199.146
77,Brear,Adderley,badderley24@deliciousdays.com,Female,236.157.152.107
78,Ada,Simchenko,asimchenko25@godaddy.com,Female,229.6.181.239
79,Conney,Body,cbody26@rakuten.co.jp,Male,220.229.141.58
80,Ana,Baldock,abaldock27@printfriendly.com,Female,255.138.0.39
81,Deedee,Dyshart,ddyshart28@histats.com,Female,22.83.52.217
82,Melanie,Dudeney,mdudeney29@typepad.com,Female,239.21.128.143
83,Catrina,Ashington,cashington2a@meetup.com,Female,55.159.135.93
84,Romain,Genty,rgenty2b@china.com.cn,Male,69.158.60.193
85,Alejandra,Puddefoot,apuddefoot2c@ask.com,Female,80.43.122.238
86,Myrwyn,Hazle,mhazle2d@sciencedirect.com,Male,37.2.8.14
87,Piggy,Jeremaes,pjeremaes2e@mozilla.org,Male,138.53.37.182
88,Marty,Chatband,mchatband2f@lulu.com,Female,26.126.215.106
89,Faustine,Cammis,fcammis2g@jigsy.com,Female,247.4.39.63
90,Evyn,Foxall,efoxall2h@cisco.com,Male,249.135.84.64
91,Jedidiah,Laterza,jlaterza2i@livejournal.com,Male,40.115.54.26
92,Ruperto,Yaknov,ryaknov2j@businessweek.com,Male,159.114.222.125
93,Fielding,Stranieri,fstranieri2k@macromedia.com,Male,89.232.4.148
94,Hillery,Prando,hprando2l@ox.ac.uk,Male,166.117.161.22
95,Sherwynd,Boller,sboller2m@fema.gov,Male,109.177.195.156
96,Valina,Brackstone,vbrackstone2n@vinaora.com,Female,39.19.219.101
97,Justina,Vaneschi,jvaneschi2o@timesonline.co.uk,Female,74.30.133.239
98,Hewe,Faldoe,hfaldoe2p@ebay.com,Male,151.34.41.243
99,Brittani,Skerm,bskerm2q@qq.com,Female,89.149.111.4
100,Karoly,Godfree,kgodfree2r@blogger.com,Male,221.107.175.126
101,Brook,Whyke,bwhyke2s@dell.com,Male,92.207.117.17
102,Marylynne,Grieger,mgrieger2t@eepurl.com,Female,102.191.140.182
103,Roy,Landis,rlandis2u@google.co.uk,Genderqueer,181.227.53.246
104,Melly,Hatherley,mhatherley2v@mysql.com,Female,243.250.115.71
105,Chuck,Doman,cdoman2w@soup.io,Male,194.118.25.90
106,Shandie,Rodbourne,srodbourne2x@timesonline.co.uk,Female,153.142.75.233
107,Urbain,Amery,uamery2y@hp.com,Male,232.89.139.26
108,Joachim,Crosby,jcrosby2z@flavors.me,Male,195.180.217.246
109,Jan,Segge,jsegge30@last.fm,Male,104.68.209.43
110,Richart,Gadie,rgadie31@ycombinator.com,Male,4.99.180.222
111,Bellanca,Canedo,bcanedo32@cocolog-nifty.com,Female,60.32.253.18
112,Gerhard,McCory,gmccory33@wikimedia.org,Male,56.146.55.228
113,Laurice,Leighton,lleighton34@linkedin.com,Female,217.241.72.128
114,Temple,Dikle,tdikle35@over-blog.com,Male,157.15.19.66
115,Ailina,Vigours,avigours36@webnode.com,Female,51.136.238.15
116,Barnabe,Blayd,bblayd37@trellian.com,Male,221.133.60.139
117,Mellisent,Guillem,mguillem38@sun.com,Female,141.70.54.109
118,North,Klimentyev,nklimentyev39@cbc.ca,Bigender,210.175.48.131
119,Dene,Comiam,dcomiam3a@privacy.gov.au,Male,196.21.17.14
120,Butch,Harriot,bharriot3b@fema.gov,Male,99.157.138.96
121,Gerome,Blackey,gblackey3c@goodreads.com,Male,136.148.236.137
122,Regan,Robroe,rrobroe3d@chronoengine.com,Male,120.166.23.66
123,Wilek,Bryceson,wbryceson3e@tuttocitta.it,Male,6.98.245.197
124,Yettie,Milvarnie,ymilvarnie3f@unesco.org,Female,22.63.95.158
125,Margareta,Nevinson,mnevinson3g@jugem.jp,Female,207.254.77.47
126,Anders,Martinello,amartinello3h@cnn.com,Male,92.84.215.213
127,Baxy,Rookwell,brookwell3i@wunderground.com,Male,159.225.15.179
128,Irvin,Ayris,iayris3j@reference.com,Male,125.82.19.95
129,Des,Simo,dsimo3k@devhub.com,Genderfluid,76.244.132.68
130,Demetra,Witchell,dwitchell3l@creativecommons.org,Female,133.95.175.188
131,Guillermo,Wetheril,gwetheril3m@blog.com,Male,193.150.203.239
132,Luz,Farbrother,lfarbrother3n@cornell.edu,Non-binary,232.39.106.77
133,Haley,Cogdon,hcogdon3o@elpais.com,Male,61.212.63.174
134,Karlotte,Droghan,kdroghan3p@bloglines.com,Female,171.8.19.149
135,Lyndell,Veldstra,lveldstra3q@latimes.com,Female,48.117.252.53
136,Willa,Bettridge,wbettridge3r@oracle.com,Female,101.188.93.26
137,Lorain,Leefe,lleefe3s@msu.edu,Female,97.240.207.133
138,West,Paquet,wpaquet3t@hugedomains.com,Male,185.174.67.84
139,Harlan,Stango,hstango3u@oaic.gov.au,Genderqueer,154.206.98.67
140,Charlton,Vesty,cvesty3v@slashdot.org,Male,7.90.58.99
141,Gale,Bettaney,gbettaney3w@patch.com,Female,11.54.18.190
142,Essie,Yeudall,eyeudall3x@cnbc.com,Female,60.54.66.236
143,Randi,Huckin,rhuckin3y@tinyurl.com,Female,44.61.165.10
144,Jacintha,Stolze,jstolze3z@smh.com.au,Female,132.111.4.9
145,Carena,Mudge,cmudge40@vimeo.com,Female,215.243.228.85
146,Ardis,Goozee,agoozee41@prnewswire.com,Female,138.37.38.250
147,Lotty,Gibbe,lgibbe42@mysql.com,Female,104.231.28.252
148,Gun,Fingleton,gfingleton43@microsoft.com,Male,212.205.165.148
149,Riobard,Filippyev,rfilippyev44@sciencedaily.com,Male,119.158.232.28
150,Barbra,Hassewell,bhassewell45@accuweather.com,Female,173.207.145.89
151,Virgil,Kerwen,vkerwen46@un.org,Male,6.28.16.238
152,Trescha,Banghe,tbanghe47@weather.com,Female,251.194.129.19
153,Rock,Fairney,rfairney48@amazon.de,Agender,165.102.112.125
154,Willis,Dunkersley,wdunkersley49@sogou.com,Male,13.233.17.144
155,Delmore,Janse,djanse4a@ask.com,Male,6.58.57.104
156,Silvia,Illston,sillston4b@sina.com.cn,Female,108.187.2.114
157,Faythe,Moiser,fmoiser4c@huffingtonpost.com,Female,72.76.114.214
158,Skye,Penhaleurack,spenhaleurack4d@wufoo.com,Male,137.255.113.198
159,Gaelan,Heersma,gheersma4e@ucla.edu,Male,139.244.45.139
160,Dale,Hurn,dhurn4f@ucla.edu,Male,35.185.188.191
161,Eugenia,Tidman,etidman4g@artisteer.com,Female,132.144.31.212
162,Erhart,McGloin,emcgloin4h@webnode.com,Male,118.77.208.249
163,Leelah,Leffek,lleffek4i@ucsd.edu,Female,38.112.149.51
164,Sasha,Dawkes,sdawkes4j@arstechnica.com,Agender,88.57.123.251
165,Mohammed,Van De Cappelle,mvandecappelle4k@cnet.com,Male,108.133.101.89
166,Domini,Berns,dberns4l@wikispaces.com,Female,16.119.175.186
167,Violet,Ferrone,vferrone4m@pinterest.com,Female,219.181.191.66
168,Aileen,Gerold,agerold4n@fotki.com,Female,156.11.155.100
169,Freddy,Cleeve,fcleeve4o@desdev.cn,Male,180.109.195.106
170,Morena,Grigorini,mgrigorini4p@godaddy.com,Female,167.120.22.34
171,Leena,Alsina,lalsina4q@biblegateway.com,Female,16.173.173.161
172,Caren,McBratney,cmcbratney4r@bigcartel.com,Female,51.101.186.228
173,Hymie,Tawn,htawn4s@quantcast.com,Male,134.226.18.96
174,Evy,Simek,esimek4t@google.co.uk,Female,112.10.131.88
175,Alwyn,Basilio,abasilio4u@aol.com,Male,162.130.8.11
176,Jodi,Fulep,jfulep4v@omniture.com,Female,212.122.49.57
177,Steve,Cashman,scashman4w@multiply.com,Male,252.148.123.44
178,Thurston,Vigers,tvigers4x@canalblog.com,Male,176.147.175.224
179,Tracie,Fruish,tfruish4y@foxnews.com,Male,130.244.127.98
180,Thebault,Childers,tchilders4z@spotify.com,Male,8.230.123.22
181,Marven,Wilkin,mwilkin50@wordpress.com,Male,86.63.80.94
182,Ruby,Lanigan,rlanigan51@seesaa.net,Female,226.150.175.218
183,Sidonia,Kohlerman,skohlerman52@instagram.com,Female,86.229.104.145
184,Jarrod,Zavittieri,jzavittieri53@ftc.gov,Male,169.184.79.113
185,Kip,Sergant,ksergant54@census.gov,Male,209.166.38.14
186,Ree,Kilfeder,rkilfeder55@vistaprint.com,Female,170.90.112.197
187,Merry,Verrills,mverrills56@surveymonkey.com,Male,154.157.188.138
188,Tabbi,Courtes,tcourtes57@nsw.gov.au,Female,120.111.57.7
189,Elbertine,Passy,epassy58@washingtonpost.com,Female,20.60.193.69
190,Jan,Penner,jpenner59@nyu.edu,Male,166.93.74.32
191,Alyosha,Archbould,aarchbould5a@bloglines.com,Male,186.68.109.159
192,Estelle,Innett,einnett5b@ebay.com,Female,2.13.156.79
193,Hermione,Smickle,hsmickle5c@infoseek.co.jp,Female,32.76.34.168
194,Louise,Pratt,lpratt5d@ezinearticles.com,Female,22.74.94.24
195,Missy,Gabel,mgabel5e@slashdot.org,Female,231.147.60.79
196,Nickie,Baverstock,nbaverstock5f@ca.gov,Female,208.109.197.169
197,Collen,Duker,cduker5g@php.net,Female,206.44.38.85
198,Bibi,Halbeard,bhalbeard5h@goo.gl,Female,90.44.198.64
199,Amata,Pakenham,apakenham5i@plala.or.jp,Genderqueer,190.31.190.83
200,Barris,Farmloe,bfarmloe5j@phpbb.com,Male,247.235.83.3
201,Carry,Forrestor,cforrestor5k@ted.com,Female,102.185.46.155
202,Jermaine,Pischof,jpischof5l@nydailynews.com,Male,247.97.139.67
203,Tymothy,Ends,tends5m@slashdot.org,Male,181.61.12.219
204,Andrus,Camplejohn,acamplejohn5n@studiopress.com,Male,214.197.194.25
205,Linc,Titterell,ltitterell5o@twitter.com,Male,192.242.157.169
206,Leigha,Benjafield,lbenjafield5p@elpais.com,Female,211.59.126.191
207,Celestyn,Crust,ccrust5q@nba.com,Female,233.195.21.150
208,Hurley,Santora,hsantora5r@sciencedirect.com,Male,48.77.74.208
209,Philippe,Crut,pcrut5s@home.pl,Female,156.159.240.54
210,Hercule,Arno,harno5t@newyorker.com,Male,195.89.244.252
211,Merridie,Carrell,mcarrell5u@360.cn,Polygender,38.148.84.9
212,Goraud,Billson,gbillson5v@addthis.com,Male,94.83.0.96
213,Hadley,Hercock,hhercock5w@bandcamp.com,Male,243.72.155.165
214,Ardyce,Hamlyn,ahamlyn5x@google.de,Female,65.150.134.218
215,Braden,McMenamie,bmcmenamie5y@last.fm,Male,83.163.25.209
216,Morgan,Lindell,mlindell5z@comcast.net,Male,103.244.175.204
217,Rianon,Scates,rscates60@miibeian.gov.cn,Female,116.240.207.106
218,Burch,Foxen,bfoxen61@google.fr,Male,82.152.140.59
219,Lauryn,Vasyuchov,lvasyuchov62@sciencedirect.com,Female,220.38.187.157
220,Geraldine,Mattiussi,gmattiussi63@nhs.uk,Female,158.252.0.233
221,Alameda,Amesbury,aamesbury64@cloudflare.com,Female,182.145.149.236
222,Sawyer,Simondson,ssimondson65@imgur.com,Male,205.100.101.49
223,Charleen,Standring,cstandring66@de.vu,Female,221.19.72.84
224,Esra,Strutton,estrutton67@theglobeandmail.com,Male,31.106.152.126
225,Marion,Jozefczak,mjozefczak68@omniture.com,Female,49.9.55.198
226,Harland,Balsdone,hbalsdone69@nsw.gov.au,Male,117.183.32.157
227,Johnathan,Goodhand,jgoodhand6a@hibu.com,Male,181.251.194.83
228,Diana,Wiltshire,dwiltshire6b@tinyurl.com,Female,226.197.170.65
229,Lusa,Clougher,lclougher6c@yahoo.co.jp,Female,156.93.77.184
230,Portia,Germon,pgermon6d@cmu.edu,Female,159.165.68.145
231,Bertram,Synder,bsynder6e@blog.com,Male,246.61.65.230
232,Vale,Charlwood,vcharlwood6f@mysql.com,Male,0.173.124.57
233,Shelia,Filipovic,sfilipovic6g@cargocollective.com,Female,158.222.191.157
234,Roman,Chmiel,rchmiel6h@scribd.com,Male,190.100.17.62
235,Saundra,Wharby,swharby6i@uol.com.br,Male,207.123.62.26
236,Ofilia,Duligall,oduligall6j@1688.com,Genderqueer,75.159.58.229
237,Theresina,Spires,tspires6k@uol.com.br,Female,150.73.22.185
238,Allin,Gethins,agethins6l@4shared.com,Male,106.215.25.30
239,Wye,Bradnum,wbradnum6m@cdbaby.com,Male,9.69.166.72
240,Nat,Ensor,nensor6n@comsenz.com,Male,211.56.210.56
241,Catie,Hazeldene,chazeldene6o@mail.ru,Female,190.2.21.116
242,Tawsha,Blanking,tblanking6p@mozilla.org,Female,46.241.24.16
243,Tuckie,Catling,tcatling6q@1688.com,Male,104.25.250.78
244,Malchy,Bartholat,mbartholat6r@amazonaws.com,Male,147.154.115.77
245,Amberly,Muehle,amuehle6s@vimeo.com,Genderfluid,194.106.41.45
246,Elsbeth,Cattanach,ecattanach6t@mit.edu,Female,244.135.204.135
247,Timmi,Palay,tpalay6u@globo.com,Female,79.171.141.56
248,Carolina,Nolton,cnolton6v@reuters.com,Female,45.235.175.232
249,Lainey,Phinn,lphinn6w@51.la,Female,233.176.40.33
250,Creigh,Neylon,cneylon6x@huffingtonpost.com,Genderfluid,27.38.248.174
251,Massimiliano,Ziehms,mziehms6y@pbs.org,Male,110.45.212.233
252,Margi,Sivior,msivior6z@psu.edu,Non-binary,217.240.125.142
253,Delbert,Millar,dmillar70@unesco.org,Male,129.119.59.98
254,Dickie,Meake,dmeake71@hatena.ne.jp,Male,115.4.37.155
255,Petronia,Squire,psquire72@deliciousdays.com,Female,179.29.75.180
256,Cletis,Wimpress,cwimpress73@npr.org,Male,240.157.26.16
257,Tracie,Gutcher,tgutcher74@hc360.com,Female,125.199.221.142
258,Luce,Hainsworth,lhainsworth75@usda.gov,Male,72.51.161.87
259,Alaine,Leyes,aleyes76@mapquest.com,Female,117.202.7.2
260,Nessy,Cancellor,ncancellor77@uiuc.edu,Female,82.119.100.172
261,Bobinette,Crysell,bcrysell78@nifty.com,Polygender,163.124.13.217
262,Janka,Attenburrow,jattenburrow79@vimeo.com,Female,166.66.119.230
263,Gauthier,Beentjes,gbeentjes7a@themeforest.net,Non-binary,170.191.13.212
264,Cosimo,Mulkerrins,cmulkerrins7b@newsvine.com,Male,181.20.128.214
265,Marquita,Swaby,mswaby7c@etsy.com,Female,1.137.78.219
266,Marieann,Lorriman,mlorriman7d@usda.gov,Female,161.168.32.251
267,Colene,Tonkinson,ctonkinson7e@comsenz.com,Female,153.176.2.239
268,Kristyn,Dwane,kdwane7f@clickbank.net,Female,198.100.180.196
269,Shepherd,Iacomelli,siacomelli7g@upenn.edu,Male,160.114.105.122
270,Hephzibah,Curle,hcurle7h@spiegel.de,Female,74.208.101.136
271,Matteo,Stodd,mstodd7i@g.co,Male,227.54.150.188
272,Dusty,Crittal,dcrittal7j@squidoo.com,Genderfluid,155.43.202.127
273,Rhody,Firmager,rfirmager7k@earthlink.net,Female,42.220.139.96
274,Dominique,Shiliton,dshiliton7l@ustream.tv,Female,61.209.240.112
275,Annecorinne,Steger,asteger7m@cdc.gov,Female,41.197.4.38
276,Deedee,MacAughtrie,dmacaughtrie7n@nbcnews.com,Female,116.9.113.232
277,Sheffield,Plaid,splaid7o@blogtalkradio.com,Agender,161.211.189.204
278,Orelia,Nowell,onowell7p@ustream.tv,Female,172.28.228.127
279,Martin,Lockhart,mlockhart7q@mapy.cz,Male,243.154.229.83
280,Stephana,Flinders,sflinders7r@i2i.jp,Female,172.255.205.2
281,Alfie,Liddel,aliddel7s@mac.com,Female,0.181.53.162
282,Vinnie,Hornig,vhornig7t@newyorker.com,Genderqueer,43.156.17.12
283,Matthew,Berthomier,mberthomier7u@amazon.de,Male,104.254.248.174
284,Mal,Candie,mcandie7v@slashdot.org,Male,209.140.127.238
285,Lyssa,Willimott,lwillimott7w@disqus.com,Female,46.62.230.250
286,Payton,Bernardy,pbernardy7x@admin.ch,Male,237.10.234.16
287,Flem,Gemlett,fgemlett7y@angelfire.com,Male,93.145.111.155
288,Dix,Caldayrou,dcaldayrou7z@histats.com,Female,255.92.149.145
289,Nickey,Abramson,nabramson80@ft.com,Male,24.178.22.88
290,Robin,Watford,rwatford81@e-recht24.de,Male,204.52.124.224
291,Geno,Gerber,ggerber82@yellowpages.com,Male,156.82.130.44
292,Beryle,Dollin,bdollin83@moonfruit.com,Female,184.194.78.221
293,Lee,Philippault,lphilippault84@sina.com.cn,Male,74.199.41.240
294,Marijn,Phebey,mphebey85@cornell.edu,Male,98.127.209.236
295,Yanaton,Sanchis,ysanchis86@state.tx.us,Bigender,55.84.125.197
296,Reg,Ledgerton,rledgerton87@yahoo.com,Male,180.168.7.165
297,Goldia,McLinden,gmclinden88@europa.eu,Female,73.206.93.126
298,Jed,Brady,jbrady89@de.vu,Male,40.172.1.125
299,Debor,Anthonies,danthonies8a@ted.com,Genderqueer,182.131.114.11
300,Margot,Busek,mbusek8b@fastcompany.com,Female,10.107.25.19
301,Forrester,Willerstone,fwillerstone8c@earthlink.net,Male,140.56.2.120
302,Nevins,McArte,nmcarte8d@angelfire.com,Male,79.2.96.227
303,Whitman,Figgs,wfiggs8e@amazon.de,Agender,156.201.208.219
304,Gib,Hughman,ghughman8f@aboutads.info,Male,0.241.187.154
305,Minette,Eagers,meagers8g@meetup.com,Female,189.195.115.5
306,Abdel,Chastelain,achastelain8h@japanpost.jp,Male,24.124.146.209
307,Salomo,de Amaya,sdeamaya8i@shareasale.com,Male,199.33.243.171
308,Mirilla,Bogaert,mbogaert8j@un.org,Female,196.251.252.138
309,Burtie,Raddish,braddish8k@livejournal.com,Male,220.132.48.94
310,Sinclair,Donovin,sdonovin8l@networksolutions.com,Genderfluid,227.228.105.58
311,Conroy,Kettle,ckettle8m@wikimedia.org,Male,65.105.110.121
312,Meade,Mussard,mmussard8n@auda.org.au,Male,6.248.105.213
313,Karlotte,Battyll,kbattyll8o@bbb.org,Female,158.172.224.95
314,Tamarra,Navarijo,tnavarijo8p@kickstarter.com,Female,112.51.54.179
315,Julian,Birds,jbirds8q@sciencedirect.com,Male,25.117.196.83
316,Aretha,Corkan,acorkan8r@ycombinator.com,Female,232.16.252.110
317,Corine,Foskin,cfoskin8s@google.com,Non-binary,209.16.75.10
318,Rosaleen,De Andreis,rdeandreis8t@issuu.com,Female,75.32.73.219
319,Carlin,Kilner,ckilner8u@ucoz.com,Male,116.61.55.216
320,Juliana,Huortic,jhuortic8v@indiatimes.com,Genderqueer,178.223.185.3
321,Demeter,Allsepp,dallsepp8w@forbes.com,Female,205.20.13.207
322,Winn,Rusk,wrusk8x@networksolutions.com,Male,20.32.78.95
323,Farris,Quinet,fquinet8y@sciencedirect.com,Male,201.177.114.42
324,Terrie,Shelp,tshelp8z@macromedia.com,Female,251.251.80.63
325,Gav,Heatley,gheatley90@rambler.ru,Male,17.223.175.63
326,Fidelio,Clitherow,fclitherow91@freewebs.com,Male,72.28.247.121
327,Justis,Binyon,jbinyon92@naver.com,Male,228.222.204.65
328,Stevie,Skottle,sskottle93@ehow.com,Male,51.42.133.12
329,Melanie,Leith,mleith94@time.com,Female,134.28.48.236
330,Kiele,Tocher,ktocher95@tamu.edu,Female,32.95.159.193
331,Kimbra,Dongate,kdongate96@techcrunch.com,Female,195.111.92.54
332,Madelene,Stych,mstych97@symantec.com,Female,117.15.255.122
333,Wolfgang,McWhan,wmcwhan98@jiathis.com,Male,105.155.95.152
334,Jennine,Petherick,jpetherick99@reverbnation.com,Female,183.206.225.238
335,Giselbert,Tittletross,gtittletross9a@eventbrite.com,Male,59.150.121.39
336,Hewe,Yanson,hyanson9b@archive.org,Male,137.194.161.142
337,Winnie,MacRedmond,wmacredmond9c@cisco.com,Non-binary,172.167.122.226
338,Marabel,Dingley,mdingley9d@wufoo.com,Female,60.40.132.114
339,Callida,Tedahl,ctedahl9e@wikia.com,Female,61.9.113.172
340,Francisco,Dolohunty,fdolohunty9f@howstuffworks.com,Male,226.166.53.31
341,Christy,Cowdery,ccowdery9g@wp.com,Female,45.182.97.179
342,Agneta,Nutkins,anutkins9h@360.cn,Genderqueer,154.97.217.107
343,Ernaline,Spencers,espencers9i@imageshack.us,Female,68.116.76.111
344,Lisabeth,Cousen,lcousen9j@wikia.com,Female,23.122.216.147
345,Niels,Wilkerson,nwilkerson9k@unesco.org,Male,61.79.177.115
346,Winifred,Du Hamel,wduhamel9l@xrea.com,Female,252.21.68.96
347,Raimondo,Mould,rmould9m@elpais.com,Male,233.237.115.178
348,Veronike,Crocker,vcrocker9n@intel.com,Female,214.88.123.52
349,Abbott,Gresser,agresser9o@yahoo.co.jp,Male,69.13.22.230
350,Sharleen,Pinke,spinke9p@pinterest.com,Female,17.110.21.76
351,Gregory,Cubbin,gcubbin9q@networkadvertising.org,Male,26.212.11.13
352,Garik,Hearnah,ghearnah9r@abc.net.au,Male,231.169.171.93
353,Berky,Prin,bprin9s@stanford.edu,Male,39.226.41.60
354,Merrie,Karby,mkarby9t@twitter.com,Agender,246.102.246.127
355,Damara,Taft,dtaft9u@smugmug.com,Female,77.7.170.1
356,Marcia,Baillie,mbaillie9v@hugedomains.com,Genderqueer,146.182.248.230
357,Ezechiel,Bramsom,ebramsom9w@icio.us,Male,3.220.189.43
358,Stephan,Holywell,sholywell9x@go.com,Male,162.57.192.103
359,Bondy,Kneath,bkneath9y@joomla.org,Male,226.129.153.231
360,Kippy,Tamblingson,ktamblingson9z@ed.gov,Male,76.126.100.48
361,Dollie,Masse,dmassea0@123-reg.co.uk,Female,221.155.187.150
362,Amalea,Van Halle,avanhallea1@amazon.co.jp,Bigender,2.68.63.167
363,Caria,Hedditeh,chedditeha2@gravatar.com,Female,239.51.183.143
364,Murdock,Creelman,mcreelmana3@discovery.com,Bigender,207.173.148.75
365,Aland,Mcall,amcalla4@bloglovin.com,Male,29.142.154.208
366,Courtnay,Tother,ctothera5@walmart.com,Male,196.39.115.43
367,Rosabel,Hillaby,rhillabya6@uol.com.br,Female,88.149.102.172
368,Godfree,Pollard,gpollarda7@state.gov,Male,220.61.132.89
369,Brit,Bradtke,bbradtkea8@dedecms.com,Male,172.46.100.160
370,Trixy,Ramsbottom,tramsbottoma9@fda.gov,Female,120.54.150.125
371,Jessi,Entissle,jentissleaa@diigo.com,Bigender,225.164.148.111
372,Maddy,Bauldrey,mbauldreyab@tinyurl.com,Male,31.60.212.42
373,Dulcine,Lantiffe,dlantiffeac@archive.org,Bigender,219.19.8.25
374,Beulah,Wardlow,bwardlowad@cnet.com,Non-binary,96.0.119.97
375,Jacinthe,Pinckney,jpinckneyae@blogtalkradio.com,Female,25.245.23.226
376,Akim,Lovat,alovataf@issuu.com,Male,255.102.243.7
377,Staci,Binney,sbinneyag@ebay.co.uk,Female,182.80.145.46
378,Napoleon,Postins,npostinsah@networkadvertising.org,Male,69.38.253.184
379,Nara,Kobelt,nkobeltai@dion.ne.jp,Female,85.244.223.131
380,Cad,Earles,cearlesaj@goodreads.com,Male,15.250.122.37
381,Garvy,Henrie,ghenrieak@xinhuanet.com,Male,156.26.182.153
382,Davine,Wasielewicz,dwasielewiczal@sakura.ne.jp,Female,177.97.67.194
383,Hyatt,Million,hmillionam@bandcamp.com,Male,215.47.170.5
384,Sabina,Bilt,sbiltan@fema.gov,Female,51.161.134.89
385,Janaye,Collisson,jcollissonao@independent.co.uk,Female,8.137.71.157
386,Archie,Petyt,apetytap@theatlantic.com,Male,181.49.36.164
387,Duffie,Jarrad,djarradaq@ucla.edu,Male,167.12.142.201
388,Joann,McConnell,jmcconnellar@google.nl,Female,0.63.203.46
389,Joe,Benting,jbentingas@sfgate.com,Male,118.16.127.98
390,Kynthia,Berka,kberkaat@deliciousdays.com,Polygender,20.250.171.163
391,Garrek,Carey,gcareyau@si.edu,Male,31.25.21.205
392,Leicester,Chark,lcharkav@surveymonkey.com,Male,38.180.102.124
393,Adelheid,Reade,areadeaw@deliciousdays.com,Polygender,57.169.145.152
394,Thibaud,Mora,tmoraax@columbia.edu,Male,86.241.107.97
395,Myrah,Juarez,mjuarezay@deliciousdays.com,Female,204.52.118.80
396,Berti,Krysiak,bkrysiakaz@nature.com,Male,155.201.114.94
397,Schuyler,Corston,scorstonb0@theguardian.com,Male,187.93.39.36
398,Maynard,Geroldini,mgeroldinib1@google.ru,Male,189.165.172.102
399,Kirsteni,Hamblett,khamblettb2@bbc.co.uk,Female,97.232.151.68
400,Roobbie,Popeley,rpopeleyb3@weibo.com,Female,169.44.143.181
401,Ethelin,Leahair,eleahairb4@typepad.com,Female,109.171.58.126
402,Chandal,O'Doireidh,codoireidhb5@sakura.ne.jp,Female,7.14.56.211
403,Eachelle,Brigden,ebrigdenb6@youku.com,Female,183.41.108.130
404,Tabbie,Lines,tlinesb7@tumblr.com,Male,156.254.102.164
405,Berk,Cowlishaw,bcowlishawb8@wikispaces.com,Male,62.155.25.167
406,Cherin,Sturmey,csturmeyb9@dailymotion.com,Female,235.93.51.67
407,Darrel,Dearnaley,ddearnaleyba@typepad.com,Male,194.9.207.232
408,Jules,Fearnley,jfearnleybb@webmd.com,Male,217.211.252.9
409,Thorn,Braz,tbrazbc@nsw.gov.au,Non-binary,187.187.2.227
410,Lucho,Neeves,lneevesbd@blog.com,Male,147.119.165.34
411,Pacorro,Crain,pcrainbe@google.com,Male,78.207.228.210
412,Marjory,Summerbell,msummerbellbf@census.gov,Female,103.103.223.245
413,Francyne,Stobbart,fstobbartbg@msn.com,Female,28.65.70.192
414,Lucille,Westerman,lwestermanbh@bbb.org,Female,125.216.160.250
415,Fredrick,Cliff,fcliffbi@deviantart.com,Male,70.51.196.105
416,Lotte,Dagnan,ldagnanbj@alibaba.com,Female,4.200.28.216
417,Salaidh,Leftley,sleftleybk@lycos.com,Female,117.146.175.220
418,Maggee,Millan,mmillanbl@oaic.gov.au,Female,192.128.228.101
419,Enos,McGrirl,emcgrirlbm@jalbum.net,Male,143.213.11.50
420,Panchito,Keighly,pkeighlybn@bizjournals.com,Male,208.53.102.44
421,Rosmunda,Foukx,rfoukxbo@forbes.com,Female,254.21.13.77
422,Inga,Le Hucquet,ilehucquetbp@fc2.com,Female,247.216.2.5
423,Ramsay,Gyrgorcewicx,rgyrgorcewicxbq@google.com,Male,252.148.90.49
424,Coleman,Ojeda,cojedabr@sfgate.com,Male,155.189.62.189
425,Lorant,Riddiford,lriddifordbs@squarespace.com,Male,227.49.22.105
426,Forrest,Gregorio,fgregoriobt@imgur.com,Male,98.220.55.58
427,Faunie,Margrem,fmargrembu@canalblog.com,Female,180.62.165.143
428,Scott,Kear,skearbv@virginia.edu,Male,21.157.122.166
429,Kiele,MacCallam,kmaccallambw@youku.com,Female,5.5.197.81
430,Leora,Bradburn,lbradburnbx@goodreads.com,Female,98.206.165.240
431,Conn,Melmoth,cmelmothby@jiathis.com,Male,37.99.131.125
432,Kellen,Charlick,kcharlickbz@netscape.com,Female,47.98.52.75
433,Avrom,Shippey,ashippeyc0@comsenz.com,Male,240.64.176.143
434,El,Hartfleet,ehartfleetc1@nifty.com,Male,178.20.83.23
435,Corena,Haycock,chaycockc2@i2i.jp,Female,135.99.22.5
436,Den,Leahair,dleahairc3@salon.com,Male,242.119.33.158
437,Artemus,Yerrell,ayerrellc4@google.com.hk,Male,29.215.85.88
438,Franciskus,Mettricke,fmettrickec5@domainmarket.com,Male,89.66.207.78
439,Orv,Otridge,ootridgec6@csmonitor.com,Male,115.217.255.67
440,Dante,Crocken,dcrockenc7@ask.com,Male,126.247.157.37
441,Adriane,Kepling,akeplingc8@yellowbook.com,Bigender,76.72.237.54
442,Cherida,Marishenko,cmarishenkoc9@google.com.au,Genderqueer,166.245.232.73
443,Dex,Heatly,dheatlyca@nyu.edu,Male,57.193.24.191
444,Markus,Norvel,mnorvelcb@weather.com,Male,97.193.38.97
445,Artur,Pren,aprencc@ibm.com,Male,242.4.1.181
446,Drud,Behnecke,dbehneckecd@wired.com,Male,20.50.51.217
447,Maddie,Itzcak,mitzcakce@dmoz.org,Genderfluid,108.180.73.145
448,Dusty,Koubek,dkoubekcf@ow.ly,Female,205.176.158.168
449,Brocky,Tacker,btackercg@latimes.com,Male,65.78.53.179
450,Leonid,Amberg,lambergch@hp.com,Male,161.102.164.167
451,Denice,Sigsworth,dsigsworthci@blogtalkradio.com,Female,89.79.122.76
452,Grata,Peat,gpeatcj@reddit.com,Female,30.14.149.134
453,Rosco,Hobble,rhobbleck@nyu.edu,Male,63.192.179.190
454,Sonya,Greatham,sgreathamcl@pbs.org,Female,154.51.14.56
455,Brigit,Fylan,bfylancm@google.com.br,Female,47.132.79.39
456,Duky,Cancutt,dcancuttcn@phpbb.com,Male,219.226.148.91
457,Davon,Horbart,dhorbartco@ask.com,Male,153.193.78.160
458,Lory,Pepperd,lpepperdcp@vimeo.com,Female,73.97.33.91
459,Malissa,Nel,mnelcq@godaddy.com,Agender,181.70.119.213
460,Perceval,Cogswell,pcogswellcr@stanford.edu,Male,12.180.109.236
461,Fair,Hugo,fhugocs@goodreads.com,Male,166.150.109.233
462,Tris,Piggin,tpigginct@seattletimes.com,Male,137.21.185.254
463,Sloane,Gerdes,sgerdescu@163.com,Male,251.100.201.241
464,Tristam,Dougliss,tdouglisscv@prlog.org,Male,249.235.247.10
465,Blisse,McLagan,bmclagancw@rakuten.co.jp,Female,219.223.243.0
466,Osbourn,Dehn,odehncx@sbwire.com,Male,224.188.223.183
467,Merl,Domonkos,mdomonkoscy@technorati.com,Female,5.12.173.183
468,Cayla,Burridge,cburridgecz@irs.gov,Female,135.96.149.133
469,Gav,Peters,gpetersd0@cornell.edu,Male,33.16.117.143
470,Romy,Dries,rdriesd1@ning.com,Female,23.43.145.24
471,Gherardo,Tinker,gtinkerd2@samsung.com,Male,67.41.96.205
472,Sylvan,Ruppert,sruppertd3@sciencedirect.com,Male,141.241.0.217
473,Carolina,Filgate,cfilgated4@economist.com,Female,90.165.197.80
474,Randene,Denty,rdentyd5@flickr.com,Female,36.221.131.203
475,Lawton,Scholar,lscholard6@devhub.com,Male,45.5.209.83
476,Isak,Walwood,iwalwoodd7@ebay.co.uk,Male,122.125.9.252
477,Patsy,Crosetto,pcrosettod8@slate.com,Agender,139.112.58.151
478,Corty,Eckels,ceckelsd9@shareasale.com,Male,85.80.104.76
479,Dasya,Kenright,dkenrightda@redcross.org,Female,251.157.33.177
480,Alix,Mayo,amayodb@phpbb.com,Male,79.135.0.106
481,Yorgos,Perrie,yperriedc@earthlink.net,Male,21.193.76.165
482,Jemie,Reneke,jrenekedd@posterous.com,Bigender,39.203.250.252
483,Tull,Cubbini,tcubbinide@hibu.com,Genderfluid,134.1.160.246
484,Gus,Gillions,ggillionsdf@imgur.com,Male,161.118.153.198
485,Malissia,Blakiston,mblakistondg@vkontakte.ru,Female,239.240.251.219
486,Byrle,Dingwall,bdingwalldh@admin.ch,Male,233.87.210.20
487,Linus,Mercy,lmercydi@shutterfly.com,Male,249.170.246.43
488,Elfrida,Covotti,ecovottidj@paypal.com,Female,140.242.210.73
489,Hinze,Biggam,hbiggamdk@youku.com,Male,75.87.134.59
490,Anna-maria,Lafond,alafonddl@techcrunch.com,Female,218.142.139.119
491,Hazel,Girsch,hgirschdm@blogger.com,Female,187.46.236.112
492,Rosemaria,Pember,rpemberdn@bravesites.com,Agender,142.126.29.198
493,Cathe,Beardall,cbeardalldo@amazon.de,Female,128.114.172.51
494,Sven,Bruun,sbruundp@huffingtonpost.com,Polygender,81.151.24.177
495,Beniamino,Nowlan,bnowlandq@arizona.edu,Male,159.29.233.218
496,Sianna,McBeth,smcbethdr@guardian.co.uk,Female,239.116.147.12
497,Garrick,Devereux,gdevereuxds@github.io,Male,65.46.53.92
498,Edvard,Melmar,emelmardt@bbc.co.uk,Male,248.27.182.50
499,Carmelita,Orfeur,corfeurdu@amazon.co.uk,Non-binary,68.47.11.49
500,Bentley,Sybbe,bsybbedv@xing.com,Male,158.150.32.100
501,Otis,Veschi,oveschidw@angelfire.com,Male,86.33.128.1
502,Stacia,Wallbrook,swallbrookdx@howstuffworks.com,Female,11.14.154.198
503,Emelita,Maytum,emaytumdy@ning.com,Female,205.203.178.120
504,Sandra,Eliyahu,seliyahudz@elegantthemes.com,Female,90.245.40.80
505,Frances,Beccera,fbeccerae0@imgur.com,Female,155.107.206.200
506,Nancy,Potteril,npotterile1@lulu.com,Bigender,65.228.8.223
507,Parker,Circuit,pcircuite2@nymag.com,Male,123.51.23.10
508,Ezmeralda,Aubrun,eaubrune3@abc.net.au,Female,202.151.33.26
509,Andrea,Rengger,arenggere4@google.com.br,Female,11.169.27.40
510,Lauretta,Benedyktowicz,lbenedyktowicze5@nps.gov,Female,89.223.210.242
511,Curtis,Jovis,cjovise6@who.int,Polygender,199.238.18.98
512,Janith,Almak,jalmake7@facebook.com,Agender,131.134.154.19
513,Sayre,Ortmann,sortmanne8@msu.edu,Female,113.163.222.157
514,De witt,Boarer,dboarere9@digg.com,Male,216.146.243.137
515,Vannie,Ronci,vronciea@wikispaces.com,Female,5.51.232.149
516,Dougie,Sawart,dsawarteb@google.fr,Male,157.198.224.234
517,Rossie,Stratford,rstratfordec@shop-pro.jp,Male,243.24.180.234
518,Bernetta,Glading,bgladinged@g.co,Female,197.92.161.124
519,Leodora,Erridge,lerridgeee@washingtonpost.com,Female,61.205.36.230
520,Brewster,Heskins,bheskinsef@census.gov,Male,212.0.23.168
521,Brynne,Polden,bpoldeneg@webs.com,Female,179.226.79.1
522,Dickie,Morrilly,dmorrillyeh@guardian.co.uk,Bigender,182.150.203.136
523,Francesca,O'Dooghaine,fodooghaineei@github.com,Female,51.175.197.159
524,Chrystel,Desseine,cdesseineej@mashable.com,Female,66.172.208.246
525,Lethia,Huzzey,lhuzzeyek@cornell.edu,Female,195.43.255.0
526,Myrvyn,Astles,mastlesel@guardian.co.uk,Male,236.163.239.126
527,Melli,Wollers,mwollersem@cargocollective.com,Female,38.174.164.12
528,Alameda,Ringer,aringeren@hugedomains.com,Female,109.225.192.163
529,Judith,Eddisforth,jeddisfortheo@utexas.edu,Female,113.122.210.152
530,Kittie,Bortoloni,kbortoloniep@timesonline.co.uk,Female,156.166.167.190
531,Davida,McGrah,dmcgraheq@bizjournals.com,Female,221.123.2.56
532,Chris,Thiolier,cthiolierer@instagram.com,Female,127.48.29.244
533,Cordey,Banville,cbanvillees@scientificamerican.com,Female,99.125.203.2
534,Karney,Durn,kdurnet@chronoengine.com,Male,147.41.130.127
535,Kiri,Heild,kheildeu@alibaba.com,Female,155.181.28.110
536,Pollyanna,Gregh,pgreghev@dagondesign.com,Female,89.72.228.216
537,Glynda,Pagnin,gpagninew@bizjournals.com,Female,230.53.254.169
538,Arther,Dumpleton,adumpletonex@addthis.com,Male,15.15.139.108
539,Pren,Rainsdon,prainsdoney@columbia.edu,Male,220.217.193.3
540,Oates,Escudier,oescudierez@hostgator.com,Male,160.234.10.27
541,Janeen,Yesenin,jyeseninf0@theglobeandmail.com,Polygender,215.228.9.9
542,Chery,Yeldon,cyeldonf1@addtoany.com,Female,137.220.252.24
543,Jerrie,Wedlock,jwedlockf2@wix.com,Male,91.115.189.237
544,Randie,Serraillier,rserraillierf3@epa.gov,Female,253.19.4.160
545,Renata,Rounsefell,rrounsefellf4@posterous.com,Female,201.173.89.206
546,Josefina,Oakly,joaklyf5@hao123.com,Female,188.173.248.210
547,Sky,Dorbon,sdorbonf6@newyorker.com,Male,124.69.206.66
548,Wileen,Dabbes,wdabbesf7@lycos.com,Female,26.21.197.159
549,Rozanna,Beaufoy,rbeaufoyf8@privacy.gov.au,Polygender,149.146.234.180
550,Rani,Littlekit,rlittlekitf9@ftc.gov,Female,219.195.31.43
551,Teirtza,Duley,tduleyfa@oaic.gov.au,Female,36.64.102.231
552,Cicily,McConnachie,cmcconnachiefb@engadget.com,Female,70.121.113.198
553,Jen,MacVanamy,jmacvanamyfc@ucla.edu,Female,12.182.38.186
554,Denni,Oldman,doldmanfd@wikia.com,Female,212.87.194.129
555,Sarene,Vondruska,svondruskafe@illinois.edu,Female,94.172.101.15
556,Darrick,Le feuvre,dlefeuvreff@cnbc.com,Male,237.255.147.59
557,Farra,Strelitz,fstrelitzfg@booking.com,Female,20.51.233.110
558,Rudolph,Hedges,rhedgesfh@multiply.com,Male,60.50.193.51
559,Emera,Gwinnel,egwinnelfi@imdb.com,Female,226.109.27.7
560,Brittani,Housin,bhousinfj@sourceforge.net,Female,86.38.244.187
561,Danika,Hugett,dhugettfk@hhs.gov,Female,191.131.229.174
562,Sapphire,Emmett,semmettfl@weibo.com,Female,122.67.86.202
563,Lisa,Borland,lborlandfm@mtv.com,Female,221.172.202.100
564,Agna,Denne,adennefn@usgs.gov,Female,244.139.84.233
565,Jared,Sherebrook,jsherebrookfo@goodreads.com,Male,8.18.231.202
566,Niccolo,Trimmill,ntrimmillfp@whitehouse.gov,Agender,243.44.154.80
567,Chick,Muttock,cmuttockfq@biblegateway.com,Male,131.54.61.194
568,Elwyn,Gyde,egydefr@creativecommons.org,Male,27.155.27.156
569,Tobi,Sherrin,tsherrinfs@timesonline.co.uk,Female,36.141.171.239
570,Ragnar,Fidelus,rfidelusft@apple.com,Male,142.107.112.64
571,Mora,Francello,mfrancellofu@reference.com,Female,181.84.244.8
572,Darryl,Seeler,dseelerfv@slideshare.net,Female,79.67.161.154
573,Kaylil,Rockwell,krockwellfw@ameblo.jp,Female,114.195.240.81
574,Chelsey,Krystek,ckrystekfx@discuz.net,Female,138.103.183.127
575,Murdock,Bavage,mbavagefy@google.com.au,Male,4.158.182.21
576,Gusti,Bayles,gbaylesfz@google.co.uk,Female,93.4.244.201
577,Jethro,Reglar,jreglarg0@wikispaces.com,Male,196.206.239.167
578,Boniface,Rivers,briversg1@sciencedirect.com,Male,159.88.141.205
579,Drusi,Hellwig,dhellwigg2@weather.com,Female,109.231.177.54
580,Tannie,Greeve,tgreeveg3@loc.gov,Male,222.96.82.190
581,Boycie,Sizland,bsizlandg4@tinyurl.com,Male,27.120.176.2
582,Cody,Limrick,climrickg5@people.com.cn,Female,64.75.176.9
583,Yetty,Colaco,ycolacog6@issuu.com,Female,87.94.154.130
584,Riva,Bewsy,rbewsyg7@discovery.com,Female,109.55.43.163
585,Myrtia,O'Nion,moniong8@addthis.com,Female,232.40.191.92
586,Waneta,Bris,wbrisg9@edublogs.org,Female,26.235.246.243
587,Kirk,Brinson,kbrinsonga@unicef.org,Male,158.57.11.239
588,Zared,Ditchfield,zditchfieldgb@bandcamp.com,Male,30.112.159.70
589,Gunter,Monaghan,gmonaghangc@examiner.com,Genderqueer,209.12.65.153
590,Jillene,Benkin,jbenkingd@t.co,Female,127.193.192.189
591,Vanessa,Scemp,vscempge@gnu.org,Genderfluid,199.238.18.251
592,Manny,Donan,mdonangf@google.com.br,Male,20.249.53.43
593,Bart,Lummus,blummusgg@salon.com,Male,245.10.76.191
594,Martha,Reitenbach,mreitenbachgh@wordpress.com,Female,181.238.131.86
595,Corey,Rew,crewgi@nbcnews.com,Male,216.9.175.120
596,Jerald,Lippitt,jlippittgj@utexas.edu,Male,160.63.43.160
597,Caressa,Janikowski,cjanikowskigk@mac.com,Female,130.232.50.237
598,Archaimbaud,Sallarie,asallariegl@ustream.tv,Male,175.142.231.222
599,Raymund,Thewlis,rthewlisgm@hao123.com,Male,147.60.29.222
600,Robinet,Handford,rhandfordgn@fotki.com,Female,166.217.235.174
601,Concettina,Gabbidon,cgabbidongo@vistaprint.com,Female,207.32.253.236
602,Roosevelt,Mularkey,rmularkeygp@yelp.com,Male,252.163.228.65
603,Meridith,Degoy,mdegoygq@hao123.com,Female,146.198.255.42
604,Worthington,Palfreman,wpalfremangr@amazon.co.uk,Male,130.188.133.229
605,Alicia,Pevsner,apevsnergs@ehow.com,Female,197.190.167.25
606,Keane,Camin,kcamingt@reverbnation.com,Male,68.62.196.122
607,Faydra,Featherstone,ffeatherstonegu@cafepress.com,Female,169.94.89.140
608,Almeria,Salling,asallinggv@samsung.com,Female,196.87.72.120
609,Wyndham,Ruffell,wruffellgw@blogspot.com,Male,83.76.113.134
610,Bianca,McAnulty,bmcanultygx@goo.ne.jp,Female,244.216.241.139
611,Lari,Walework,lwaleworkgy@earthlink.net,Female,101.19.116.8
612,Munroe,Hun,mhungz@histats.com,Male,236.81.84.194
613,Maximilian,Brenton,mbrentonh0@ustream.tv,Male,205.53.81.55
614,Nerissa,Maffetti,nmaffettih1@barnesandnoble.com,Female,10.19.160.54
615,Kelsi,Bowman,kbowmanh2@bravesites.com,Female,1.65.218.230
616,Shanta,Stait,sstaith3@people.com.cn,Female,196.246.209.110
617,Bren,Blondin,bblondinh4@digg.com,Female,227.41.8.24
618,Skipp,Upcott,supcotth5@scribd.com,Male,196.249.21.226
619,Rania,Long,rlongh6@howstuffworks.com,Female,236.32.119.130
620,Oberon,Philippson,ophilippsonh7@slashdot.org,Male,149.241.228.203
621,Pieter,Zanicchi,pzanicchih8@seesaa.net,Male,60.46.47.49
622,Dannie,Robelet,drobeleth9@toplist.cz,Male,241.20.238.153
623,Lock,Farlambe,lfarlambeha@sourceforge.net,Male,48.74.131.233
624,Christalle,Killiner,ckillinerhb@cdbaby.com,Female,171.219.153.65
625,Byrle,Wilshaw,bwilshawhc@marketwatch.com,Male,31.23.179.185
626,Lurline,Raittie,lraittiehd@answers.com,Female,247.11.42.119
627,Curtice,Roseborough,croseboroughhe@xrea.com,Male,6.103.166.241
628,Dione,Bruce,dbrucehf@jugem.jp,Bigender,65.121.159.168
629,Vale,Antosik,vantosikhg@mediafire.com,Female,206.70.94.61
630,Ancell,Scocroft,ascocrofthh@instagram.com,Male,101.63.100.87
631,Alexine,Ziemsen,aziemsenhi@psu.edu,Female,187.242.183.200
632,Gwyn,Essberger,gessbergerhj@tuttocitta.it,Female,145.220.234.205
633,Zuzana,Keigher,zkeigherhk@bloomberg.com,Female,208.242.11.117
634,Cheri,Sulter,csulterhl@sitemeter.com,Female,143.44.224.214
635,Cullen,Prangley,cprangleyhm@ucsd.edu,Male,248.188.254.238
636,Rana,Weld,rweldhn@usnews.com,Female,245.217.119.187
637,Clayson,Kapelhoff,ckapelhoffho@unesco.org,Male,133.78.50.59
638,Ikey,Tinghill,itinghillhp@vistaprint.com,Male,133.202.170.43
639,Cristian,McClary,cmcclaryhq@smugmug.com,Male,29.236.52.11
640,Karrah,Andries,kandrieshr@mayoclinic.com,Female,251.3.111.9
641,Purcell,Mence,pmencehs@google.fr,Male,47.188.40.24
642,Stern,Uccelli,succelliht@tuttocitta.it,Male,198.140.233.176
643,Marleen,Maggill'Andreis,mmaggillandreishu@chronoengine.com,Genderfluid,224.205.7.11
644,Almeria,Benterman,abentermanhv@hp.com,Female,90.29.110.246
645,Dulcine,Kinkaid,dkinkaidhw@engadget.com,Female,41.145.247.72
646,Beulah,Campelli,bcampellihx@ovh.net,Female,199.106.212.164
647,Clarie,Durrand,cdurrandhy@storify.com,Female,118.186.254.164
648,Harli,Scrace,hscracehz@baidu.com,Female,126.75.173.239
649,Tisha,Svanini,tsvaninii0@vimeo.com,Female,33.15.67.103
650,Rex,Pietroni,rpietronii1@amazon.de,Male,253.183.44.128
651,Marigold,Bickell,mbickelli2@admin.ch,Female,108.68.94.23
652,Emlyn,Arnell,earnelli3@guardian.co.uk,Female,200.132.39.213
653,Che,Fernao,cfernaoi4@hao123.com,Male,252.226.132.241
654,Helena,Hinze,hhinzei5@taobao.com,Female,229.43.43.19
655,Kyla,Cavanaugh,kcavanaughi6@51.la,Female,169.55.86.155
656,Fredi,Burehill,fburehilli7@phpbb.com,Female,91.27.77.165
657,Luce,Exer,lexeri8@craigslist.org,Female,168.195.28.45
658,Junie,Rosle,jroslei9@bloomberg.com,Female,85.200.180.74
659,Deonne,Trevino,dtrevinoia@pcworld.com,Female,84.254.202.209
660,Rois,Greenier,rgreenierib@google.com.hk,Female,246.3.1.53
661,Georgeta,Verick,gverickic@gmpg.org,Female,92.103.61.227
662,Magnum,Toghill,mtoghillid@slashdot.org,Male,140.176.152.210
663,Kenny,Hazleton,khazletonie@ft.com,Male,40.11.197.242
664,Thoma,Dafter,tdafterif@salon.com,Male,229.112.57.247
665,Tiena,Clink,tclinkig@slideshare.net,Female,173.231.71.105
666,Jen,Wingate,jwingateih@zdnet.com,Female,105.44.36.56
667,Brandon,MacPhaden,bmacphadenii@sohu.com,Male,16.133.184.4
668,Vina,Budd,vbuddij@ycombinator.com,Female,53.6.193.234
669,Elena,Biasioli,ebiasioliik@gov.uk,Female,29.97.38.229
670,Thorsten,Wrought,twroughtil@cdc.gov,Male,123.12.67.140
671,Karna,Vagg,kvaggim@facebook.com,Female,209.246.213.141
672,Rochell,Musterd,rmusterdin@jimdo.com,Female,52.154.48.115
673,Elwyn,Revill,erevillio@upenn.edu,Male,203.218.170.224
674,Angelia,Bleakman,ableakmanip@nsw.gov.au,Female,221.61.194.137
675,Constance,Binnie,cbinnieiq@census.gov,Female,128.38.255.102
676,Cyndia,Shingler,cshinglerir@vinaora.com,Female,5.80.183.218
677,Bryon,Strongman,bstrongmanis@i2i.jp,Male,255.64.9.208
678,Neille,Baumford,nbaumfordit@earthlink.net,Female,3.208.197.75
679,Freedman,Ravenscroft,fravenscroftiu@amazon.co.jp,Male,14.3.183.119
680,Wilhelm,Goncaves,wgoncavesiv@networksolutions.com,Male,50.134.102.247
681,Britte,Mingay,bmingayiw@nih.gov,Bigender,2.125.78.122
682,Gibb,Tottem,gtottemix@china.com.cn,Male,39.152.248.112
683,Benedetto,Carbin,bcarbiniy@naver.com,Polygender,137.148.228.10
684,Barbey,Casone,bcasoneiz@t.co,Female,111.112.238.57
685,Berke,Mousley,bmousleyj0@prweb.com,Male,252.97.72.6
686,Lucinda,Rowland,lrowlandj1@feedburner.com,Female,226.138.157.120
687,Enrico,Coopland,ecooplandj2@yale.edu,Bigender,181.26.237.67
688,Wileen,Tomblings,wtomblingsj3@fc2.com,Female,27.71.104.237
689,Karlen,Mobbs,kmobbsj4@npr.org,Female,13.251.249.84
690,Siffre,Pond-Jones,spondjonesj5@gnu.org,Male,125.58.91.221
691,Worthington,Greeves,wgreevesj6@over-blog.com,Male,162.110.171.41
692,Early,Edlyne,eedlynej7@mac.com,Male,103.156.233.26
693,Margaretta,Balhatchet,mbalhatchetj8@huffingtonpost.com,Female,179.8.94.231
694,Penelopa,Harby,pharbyj9@mlb.com,Female,97.57.129.48
695,Yehudit,Gwilt,ygwiltja@barnesandnoble.com,Male,175.20.14.200
696,Mitchell,Olley,molleyjb@abc.net.au,Male,155.98.105.246
697,Jereme,Stife,jstifejc@businesswire.com,Male,191.244.13.77
698,Julienne,Yosifov,jyosifovjd@army.mil,Female,219.239.117.208
699,Devon,Gentery,dgenteryje@rediff.com,Female,145.203.7.175
700,Feodora,Cahani,fcahanijf@amazonaws.com,Female,214.82.94.182
701,Jermaine,Roels,jroelsjg@joomla.org,Non-binary,86.211.192.221
702,Channa,Spurriar,cspurriarjh@va.gov,Female,196.101.100.70
703,Ulric,Menco,umencoji@wikia.com,Male,60.131.17.238
704,Dilly,Hoonahan,dhoonahanjj@is.gd,Male,210.249.160.200
705,Jeffy,Damato,jdamatojk@quantcast.com,Male,212.82.99.109
706,Conant,Druitt,cdruittjl@phpbb.com,Male,16.100.221.129
707,Rafa,Belson,rbelsonjm@cpanel.net,Female,203.94.229.31
708,Tiertza,Shillom,tshillomjn@rakuten.co.jp,Female,202.78.110.48
709,Brita,Mose,bmosejo@wired.com,Female,11.131.117.68
710,Aloin,Humfrey,ahumfreyjp@creativecommons.org,Male,232.67.246.95
711,Dominick,Lampart,dlampartjq@sina.com.cn,Male,44.16.72.143
712,Milt,Gascone,mgasconejr@mediafire.com,Male,231.154.181.84
713,Delinda,De Bruyne,ddebruynejs@soundcloud.com,Female,217.243.31.198
714,Fritz,Breakey,fbreakeyjt@comsenz.com,Male,213.151.139.107
715,Westbrook,Charrette,wcharretteju@privacy.gov.au,Male,54.198.141.67
716,Ennis,Raft,eraftjv@ow.ly,Male,36.189.2.182
717,Charlot,Lowseley,clowseleyjw@list-manage.com,Female,136.171.33.132
718,Nicky,Dudeney,ndudeneyjx@epa.gov,Male,135.123.188.75
719,Katharine,Bromont,kbromontjy@vkontakte.ru,Female,97.232.18.57
720,Levy,Fenty,lfentyjz@tripadvisor.com,Male,18.229.152.174
721,Neile,Johannes,njohannesk0@liveinternet.ru,Female,209.188.18.103
722,Shandy,Espinos,sespinosk1@nifty.com,Female,192.155.7.243
723,Corrine,Filliskirk,cfilliskirkk2@ustream.tv,Female,216.15.143.45
724,Gawen,Biasotti,gbiasottik3@1688.com,Male,118.97.174.113
725,Kikelia,Barbisch,kbarbischk4@archive.org,Female,61.74.236.193
726,Booth,McArdle,bmcardlek5@51.la,Male,100.21.198.216
727,Udell,Peat,upeatk6@slashdot.org,Male,170.123.181.28
728,Jamesy,Phythean,jphytheank7@quantcast.com,Male,181.12.5.21
729,Georgeanna,Abrahamoff,gabrahamoffk8@fastcompany.com,Female,1.100.171.121
730,Andee,Scafe,ascafek9@webnode.com,Female,121.94.217.17
731,Job,O'Dunneen,jodunneenka@nasa.gov,Male,152.79.67.175
732,Romeo,Coldwell,rcoldwellkb@vimeo.com,Male,52.22.52.125
733,Claiborn,Piegrome,cpiegromekc@si.edu,Male,52.4.188.83
734,Claiborn,Durdy,cdurdykd@shinystat.com,Male,154.93.108.19
735,Amii,Chesser,achesserke@shop-pro.jp,Female,11.31.19.49
736,Monti,Ponten,mpontenkf@sun.com,Male,6.75.98.121
737,Carlynne,Sliney,cslineykg@nifty.com,Female,0.49.110.2
738,Lilith,Leist,lleistkh@whitehouse.gov,Female,219.203.217.212
739,Cindra,Ferries,cferrieski@themeforest.net,Female,241.22.26.15
740,Charissa,Sant,csantkj@bandcamp.com,Female,129.120.24.94
741,Francisco,Gilogly,fgiloglykk@ning.com,Male,78.76.165.205
742,Heath,Beecker,hbeeckerkl@wikia.com,Female,35.146.123.18
743,Jude,Pelosi,jpelosikm@hp.com,Male,145.238.173.139
744,Carie,Branchflower,cbranchflowerkn@gov.uk,Female,173.186.22.50
745,Clio,Danielis,cdanielisko@examiner.com,Female,146.109.98.96
746,Putnam,Wapple,pwapplekp@tumblr.com,Male,158.60.106.54
747,Sibelle,Mc Menamin,smcmenaminkq@cpanel.net,Female,77.32.179.63
748,Willi,Daoust,wdaoustkr@youtube.com,Male,45.156.173.124
749,Vicky,Moreby,vmorebyks@tinyurl.com,Female,65.115.140.99
750,Marchelle,Fery,mferykt@bloglovin.com,Female,231.131.15.164
751,Goldia,Hambidge,ghambidgeku@ca.gov,Female,91.55.124.88
752,Kathie,Fierro,kfierrokv@microsoft.com,Female,4.35.22.91
753,Vinny,Eastment,veastmentkw@jalbum.net,Female,119.254.109.44
754,Terri,Lathwood,tlathwoodkx@msu.edu,Female,14.132.99.138
755,Gillian,Standingford,gstandingfordky@smh.com.au,Female,24.147.148.229
756,Vinita,Bullen,vbullenkz@ehow.com,Female,64.64.162.84
757,Max,Haynes,mhaynesl0@sogou.com,Female,17.43.152.12
758,Tasha,Bilbey,tbilbeyl1@jiathis.com,Non-binary,25.19.163.153
759,Gibby,Worg,gworgl2@businesswire.com,Male,102.50.209.112
760,Lee,Grahame,lgrahamel3@fema.gov,Male,125.215.54.144
761,Idelle,MacCourt,imaccourtl4@oaic.gov.au,Female,9.116.108.178
762,Silvano,Sarjeant,ssarjeantl5@alibaba.com,Genderqueer,126.60.220.161
763,Shaine,Isacsson,sisacssonl6@cbc.ca,Female,97.212.48.42
764,Oates,Strathe,ostrathel7@samsung.com,Male,178.156.166.210
765,Wendell,Wickerson,wwickersonl8@mysql.com,Male,180.106.237.175
766,Abe,Astle,aastlel9@theglobeandmail.com,Male,94.49.49.218
767,Thedrick,Dorrity,tdorrityla@jugem.jp,Male,27.23.110.28
768,Leora,Tuley,ltuleylb@nasa.gov,Female,154.50.56.113
769,Walther,Cavet,wcavetlc@bbb.org,Male,79.212.247.8
770,Clair,Smickle,csmickleld@nytimes.com,Genderqueer,14.166.106.145
771,Celie,Espie,cespiele@china.com.cn,Female,185.62.79.208
772,Fayina,Mary,fmarylf@smh.com.au,Female,243.78.77.141
773,Davon,Tennick,dtennicklg@discovery.com,Male,124.159.27.239
774,Ricard,Boylan,rboylanlh@devhub.com,Male,140.70.16.38
775,Guglielma,Dyott,gdyottli@nifty.com,Female,174.39.236.233
776,Celisse,Theaker,ctheakerlj@japanpost.jp,Female,73.222.210.67
777,Lorilyn,Lenihan,llenihanlk@live.com,Female,129.78.129.59
778,Mattie,Hiorn,mhiornll@twitpic.com,Female,134.91.60.150
779,Callie,Latek,clateklm@tamu.edu,Female,146.201.41.122
780,Jana,Lansdale,jlansdaleln@freewebs.com,Female,140.18.229.233
781,Jenn,Prendergrast,jprendergrastlo@miitbeian.gov.cn,Female,106.22.172.16
782,Garwin,Bellworthy,gbellworthylp@php.net,Male,242.102.171.25
783,Gawain,MacAllaster,gmacallasterlq@boston.com,Male,178.174.31.193
784,Arlyn,Dudin,adudinlr@lycos.com,Female,30.213.211.117
785,Stu,Deuss,sdeussls@reuters.com,Male,187.11.111.168
786,Olivette,McLoughlin,omcloughlinlt@buzzfeed.com,Female,65.176.233.10
787,Shawnee,Blamphin,sblamphinlu@google.com.br,Female,182.211.52.163
788,Wiatt,Sancto,wsanctolv@pbs.org,Male,178.164.134.100
789,Dara,Krammer,dkrammerlw@blogs.com,Female,19.126.148.115
790,Jaquenetta,Glisenan,jglisenanlx@instagram.com,Female,31.162.211.21
791,Kenyon,Wistance,kwistancely@sogou.com,Genderfluid,51.210.57.54
792,Irving,Manser,imanserlz@mail.ru,Male,27.132.32.4
793,Alyda,Grishelyov,agrishelyovm0@rakuten.co.jp,Female,124.88.120.223
794,Wallas,Prewett,wprewettm1@themeforest.net,Non-binary,105.193.21.132
795,Engelbert,Eake,eeakem2@whitehouse.gov,Male,77.205.62.148
796,Haroun,Hantusch,hhantuschm3@smugmug.com,Male,55.34.41.55
797,Wyatan,Wain,wwainm4@aol.com,Male,104.219.213.240
798,Layney,Ridout,lridoutm5@nbcnews.com,Female,242.219.90.238
799,Darn,Warboys,dwarboysm6@springer.com,Male,101.247.112.185
800,Chelsae,Herkess,cherkessm7@va.gov,Female,208.227.196.18
801,Ted,Bedding,tbeddingm8@cdbaby.com,Female,227.65.251.158
802,Ernst,Chipp,echippm9@state.tx.us,Male,109.133.22.180
803,Kristofer,Tedahl,ktedahlma@bloglines.com,Male,252.154.138.178
804,Ester,Zellick,ezellickmb@nydailynews.com,Female,124.198.110.224
805,Aurelea,Pool,apoolmc@msn.com,Female,125.30.253.136
806,Moshe,Maciaszczyk,mmaciaszczykmd@microsoft.com,Male,182.207.83.0
807,Milty,Latham,mlathamme@google.de,Male,62.102.203.191
808,Claire,Boult,cboultmf@moonfruit.com,Male,60.199.6.251
809,Kacie,Gissing,kgissingmg@dyndns.org,Female,85.137.253.194
810,Brook,Keemar,bkeemarmh@hc360.com,Female,120.131.168.142
811,Addi,Tremathick,atremathickmi@bing.com,Non-binary,251.109.35.232
812,Frankie,Poulter,fpoultermj@bandcamp.com,Male,183.229.171.136
813,Torrence,O'Lochan,tolochanmk@businesswire.com,Male,31.168.205.116
814,Rey,Buscher,rbuscherml@miitbeian.gov.cn,Male,10.178.244.233
815,Jonah,Lippitt,jlippittmm@phoca.cz,Male,238.238.110.198
816,Ferrell,Sillett,fsillettmn@histats.com,Male,84.206.71.92
817,Milka,Bedward,mbedwardmo@vistaprint.com,Female,52.219.211.179
818,Torry,Idell,tidellmp@dailymail.co.uk,Male,20.159.18.194
819,Hedda,Lisciandro,hlisciandromq@opensource.org,Female,254.170.194.212
820,Edi,Longhorn,elonghornmr@51.la,Female,144.185.10.41
821,Melisandra,Rowlinson,mrowlinsonms@walmart.com,Female,120.24.95.175
822,Ardra,Bolderoe,abolderoemt@themeforest.net,Agender,26.24.132.176
823,Michail,Chaplyn,mchaplynmu@mac.com,Male,19.121.27.208
824,Niles,Mynard,nmynardmv@bloglines.com,Male,21.32.169.68
825,Creight,Spriddle,cspriddlemw@miitbeian.gov.cn,Male,196.142.248.79
826,Dwain,Vittet,dvittetmx@spiegel.de,Male,221.250.248.189
827,Farr,Kenward,fkenwardmy@vimeo.com,Male,250.12.200.33
828,Sergeant,Emlyn,semlynmz@cdc.gov,Male,252.149.80.87
829,Mike,Bromilow,mbromilown0@vk.com,Male,74.112.176.216
830,Stormi,Lober,slobern1@last.fm,Female,102.137.30.1
831,Clarita,Gehringer,cgehringern2@google.com.br,Female,19.2.103.201
832,Ardella,Abbyss,aabbyssn3@cnet.com,Female,108.34.71.159
833,Stevana,Kleinber,skleinbern4@ning.com,Female,234.178.13.196
834,Jessy,Waylett,jwaylettn5@nyu.edu,Female,229.233.59.142
835,Jsandye,Haistwell,jhaistwelln6@google.es,Female,243.124.151.60
836,Nelle,Mirams,nmiramsn7@flickr.com,Female,159.108.241.111
837,Nicolea,McClurg,nmcclurgn8@topsy.com,Female,61.250.203.101
838,Maryanne,Phillips,mphillipsn9@bluehost.com,Female,145.243.118.220
839,Jelene,Kundt,jkundtna@goodreads.com,Female,122.85.83.195
840,Cy,Gennerich,cgennerichnb@unicef.org,Male,124.198.86.138
841,Izaak,Mulrenan,imulrenannc@blogtalkradio.com,Male,40.26.142.117
842,Gillan,Desaur,gdesaurnd@dell.com,Non-binary,244.73.146.189
843,Roddie,Jantet,rjantetne@mediafire.com,Male,189.54.79.111
844,Kaitlin,Wyant,kwyantnf@blogs.com,Female,110.20.14.188
845,Farlay,Shallow,fshallowng@archive.org,Agender,196.201.237.97
846,Kimberlee,Allmen,kallmennh@artisteer.com,Female,96.215.7.65
847,Giulio,Cuddihy,gcuddihyni@ftc.gov,Male,182.170.17.9
848,Prent,O' Hern,pohernnj@imageshack.us,Male,55.24.104.72
849,Peria,Carruthers,pcarruthersnk@ibm.com,Female,11.89.100.143
850,Ansel,Anespie,aanespienl@reddit.com,Male,156.17.175.218
851,Ralf,Diter,rditernm@jigsy.com,Agender,254.109.83.58
852,Babara,Craker,bcrakernn@dropbox.com,Female,119.137.147.100
853,Hillel,Clemont,hclemontno@blogspot.com,Male,23.4.157.145
854,Willy,Redmond,wredmondnp@globo.com,Female,189.158.218.44
855,Nickolas,Lantoph,nlantophnq@amazonaws.com,Male,22.174.31.10
856,Doreen,Cozins,dcozinsnr@bravesites.com,Female,212.204.177.42
857,Gretna,Jillions,gjillionsns@zdnet.com,Female,184.15.104.25
858,Belle,Blindt,bblindtnt@unc.edu,Female,240.187.53.244
859,Rollins,Demcak,rdemcaknu@themeforest.net,Male,92.150.129.61
860,Elsworth,Mitro,emitronv@4shared.com,Bigender,81.244.87.72
861,Mozes,Kupisz,mkupisznw@theguardian.com,Agender,180.157.16.148
862,Timmy,Mitchall,tmitchallnx@ameblo.jp,Female,146.73.163.111
863,Etheline,Vedenyakin,evedenyakinny@vimeo.com,Female,207.130.246.103
864,Brooks,Kimmitt,bkimmittnz@facebook.com,Female,88.139.119.29
865,Daron,Novotni,dnovotnio0@123-reg.co.uk,Male,23.158.168.195
866,Matthew,Tropman,mtropmano1@spotify.com,Male,191.149.228.92
867,Vin,Korf,vkorfo2@ifeng.com,Female,47.93.227.30
868,Rose,Kendal,rkendalo3@tinypic.com,Female,172.243.230.110
869,Dolores,Strickett,dstricketto4@soundcloud.com,Non-binary,46.25.97.206
870,Auguste,Van der Spohr,avanderspohro5@is.gd,Female,157.241.205.237
871,Laurianne,Proby,lprobyo6@geocities.jp,Female,185.167.138.50
872,Paquito,Oggers,poggerso7@uiuc.edu,Non-binary,43.48.50.56
873,Delphine,Balston,dbalstono8@sphinn.com,Female,182.68.132.93
874,Bianca,Jovanovic,bjovanovico9@deviantart.com,Female,211.143.151.37
875,Jeramey,Grichukhanov,jgrichukhanovoa@unesco.org,Male,157.165.77.253
876,Chandler,Dybbe,cdybbeob@census.gov,Male,163.248.219.229
877,Brewster,Swindells,bswindellsoc@msu.edu,Male,87.6.159.218
878,Leanna,Caddan,lcaddanod@china.com.cn,Genderfluid,53.109.255.191
879,Falito,Rehme,frehmeoe@sohu.com,Male,47.50.196.164
880,Karen,Cowen,kcowenof@phoca.cz,Female,22.86.167.16
881,Valentino,Hartnell,vhartnellog@spiegel.de,Male,87.136.99.38
882,Meridel,Ouldcott,mouldcottoh@google.it,Female,137.156.87.233
883,Hesther,Thonason,hthonasonoi@posterous.com,Female,9.156.61.36
884,Rodd,Micklem,rmicklemoj@youku.com,Male,207.38.1.151
885,Hershel,Norheny,hnorhenyok@edublogs.org,Male,8.25.63.155
886,Mufi,Kynvin,mkynvinol@creativecommons.org,Female,88.86.157.242
887,Alphonso,Giggs,agiggsom@tiny.cc,Male,144.185.39.24
888,Elinore,Stubbley,estubbleyon@google.ca,Female,214.103.136.8
889,Carlita,Pountney,cpountneyoo@biblegateway.com,Female,5.163.38.24
890,Darbie,Windmill,dwindmillop@shareasale.com,Female,138.83.112.186
891,Trisha,McMillan,tmcmillanoq@cocolog-nifty.com,Bigender,102.240.228.11
892,Nonah,Ruske,nruskeor@nationalgeographic.com,Female,189.245.197.55
893,Jodi,Caplis,jcaplisos@ted.com,Female,35.204.130.233
894,Nanci,Shambroke,nshambrokeot@4shared.com,Female,61.122.77.235
895,Anjela,Gallemore,agallemoreou@businessinsider.com,Female,205.136.215.22
896,Ira,Dmitrienko,idmitrienkoov@discovery.com,Female,218.85.58.236
897,Daniele,Valeri,dvaleriow@ca.gov,Female,180.104.96.64
898,Jewel,Turk,jturkox@samsung.com,Female,220.247.44.77
899,Mareah,Escott,mescottoy@over-blog.com,Female,116.38.164.32
900,Adelina,Peter,apeteroz@yale.edu,Female,197.182.249.158
901,Natale,Jeans,njeansp0@imgur.com,Male,103.29.180.224
902,Hermon,Jeandot,hjeandotp1@smugmug.com,Male,37.130.151.5
903,Davis,Roocroft,droocroftp2@home.pl,Male,142.31.144.95
904,Doloritas,Blowen,dblowenp3@boston.com,Female,5.164.108.255
905,Gusella,Kopp,gkoppp4@trellian.com,Female,114.179.240.43
906,Delphine,Sire,dsirep5@drupal.org,Polygender,128.236.63.200
907,Vanya,Axten,vaxtenp6@cnn.com,Non-binary,248.87.121.127
908,Ham,Killelea,hkilleleap7@yolasite.com,Male,214.139.101.250
909,Den,Dorow,ddorowp8@ox.ac.uk,Male,178.183.93.53
910,Mahmud,Gallant,mgallantp9@goo.ne.jp,Male,102.10.100.150
911,Niall,Galley,ngalleypa@opensource.org,Male,246.217.157.152
912,Mirella,Laven,mlavenpb@nps.gov,Female,62.69.40.24
913,Maddie,Baldry,mbaldrypc@google.com.br,Female,147.218.51.72
914,Pembroke,Hardson,phardsonpd@seesaa.net,Agender,48.27.188.104
915,Coletta,Nestle,cnestlepe@topsy.com,Polygender,84.52.158.140
916,Caria,Miko,cmikopf@scientificamerican.com,Female,74.25.187.22
917,Bo,Cheek,bcheekpg@berkeley.edu,Male,197.182.227.1
918,Esteban,Eshelby,eeshelbyph@princeton.edu,Male,99.239.214.144
919,Cris,Greensall,cgreensallpi@flavors.me,Male,65.186.181.110
920,Dwight,Farries,dfarriespj@ft.com,Male,110.246.205.54
921,Nannie,Trapp,ntrapppk@youtube.com,Female,215.126.97.194
922,Gleda,Mennear,gmennearpl@ted.com,Female,71.190.115.228
923,Lance,Tibbits,ltibbitspm@biblegateway.com,Male,193.58.43.84
924,Abbot,Casale,acasalepn@usa.gov,Male,215.93.155.134
925,Adolphus,Aubin,aaubinpo@google.pl,Male,86.91.171.67
926,Junina,Naper,jnaperpp@tiny.cc,Female,241.97.194.215
927,Selig,Boutellier,sboutellierpq@mozilla.org,Male,17.237.205.87
928,Robinson,Le Galle,rlegallepr@qq.com,Male,214.124.140.195
929,Garrett,Hebborne,ghebborneps@hud.gov,Male,83.80.196.108
930,Douglas,Willgress,dwillgresspt@dyndns.org,Male,203.192.175.54
931,Shawn,Laugier,slaugierpu@ihg.com,Female,113.180.183.86
932,Andonis,Coorington,acooringtonpv@opera.com,Male,200.159.130.43
933,Hamel,Galland,hgallandpw@diigo.com,Male,158.139.225.215
934,Marthena,Ughini,mughinipx@github.io,Female,22.122.202.171
935,Angelita,Gambell,agambellpy@tinypic.com,Female,51.226.125.129
936,Jean,Lots,jlotspz@yahoo.com,Female,91.145.69.167
937,Victoria,Schuricht,vschurichtq0@hugedomains.com,Female,86.130.197.109
938,Ross,Jeafferson,rjeaffersonq1@bloglines.com,Male,206.124.122.231
939,Harlin,Littleproud,hlittleproudq2@tuttocitta.it,Male,126.9.103.28
940,Blake,Galier,bgalierq3@acquirethisname.com,Male,252.235.221.187
941,Izaak,Hanselman,ihanselmanq4@example.com,Male,119.96.234.152
942,Jimmy,Coorington,jcooringtonq5@un.org,Male,199.53.6.172
943,Chandler,Effemy,ceffemyq6@redcross.org,Male,155.44.36.194
944,Gretel,Danett,gdanettq7@com.com,Female,132.4.76.193
945,Esra,Peert,epeertq8@vinaora.com,Polygender,247.62.203.163
946,Tommie,Glowacz,tglowaczq9@unesco.org,Non-binary,83.64.9.66
947,Anderea,Proffitt,aproffittqa@mtv.com,Female,115.75.160.36
948,Gaylord,Lilly,glillyqb@ehow.com,Male,149.145.96.63
949,Dorelle,Govern,dgovernqc@diigo.com,Female,10.5.160.255
950,Gus,Estcot,gestcotqd@china.com.cn,Male,206.190.60.206
951,Logan,Beardsdale,lbeardsdaleqe@barnesandnoble.com,Male,201.9.111.206
952,Philip,Melwall,pmelwallqf@ameblo.jp,Male,194.140.46.198
953,Melisenda,Moloney,mmoloneyqg@miibeian.gov.cn,Female,40.233.109.50
954,Tyrone,Speddin,tspeddinqh@wunderground.com,Male,158.240.50.34
955,Gerhardine,Berrygun,gberrygunqi@cdc.gov,Female,90.255.135.205
956,Logan,Grinter,lgrinterqj@slideshare.net,Male,89.96.105.122
957,Warner,Calton,wcaltonqk@msu.edu,Male,147.47.217.20
958,Ambrosi,Pilbeam,apilbeamql@geocities.com,Bigender,136.155.108.221
959,Daloris,Markie,dmarkieqm@google.de,Female,95.48.32.203
960,Kessia,Stilliard,kstilliardqn@latimes.com,Female,232.202.87.255
961,Stace,Wheadon,swheadonqo@baidu.com,Female,237.255.181.143
962,Katherina,Gosker,kgoskerqp@rambler.ru,Female,19.126.174.157
963,Filippo,Shurlock,fshurlockqq@tinyurl.com,Male,220.169.174.248
964,Naomi,Gut,ngutqr@paypal.com,Female,99.252.217.165
965,Joelie,Albrooke,jalbrookeqs@toplist.cz,Female,53.147.228.48
966,Crin,Ealden,cealdenqt@taobao.com,Female,157.21.225.88
967,Tobye,Branson,tbransonqu@trellian.com,Female,79.131.131.111
968,Scot,Longthorn,slongthornqv@java.com,Male,141.204.246.192
969,Tomaso,Soigne,tsoigneqw@netlog.com,Male,139.214.247.8
970,Claudius,Orkney,corkneyqx@arizona.edu,Male,195.82.126.115
971,Kahaleel,Newson,knewsonqy@ox.ac.uk,Male,226.83.221.153
972,Romola,Clues,rcluesqz@mac.com,Female,253.67.174.158
973,Frayda,Halladey,fhalladeyr0@weibo.com,Female,165.234.225.73
974,Chrissy,Stukings,cstukingsr1@is.gd,Male,78.76.27.157
975,Cathi,Winspurr,cwinspurrr2@sciencedirect.com,Genderfluid,46.150.131.234
976,Allegra,O'Reilly,aoreillyr3@businessinsider.com,Genderfluid,113.140.156.244
977,Nicolis,Gregorowicz,ngregorowiczr4@twitter.com,Male,196.161.101.255
978,Brandyn,Lumsdall,blumsdallr5@eventbrite.com,Male,34.117.33.184
979,Donnie,Dracey,ddraceyr6@sciencedaily.com,Male,125.152.172.252
980,Gordon,Ratcliffe,gratcliffer7@hostgator.com,Male,205.38.147.156
981,Lion,Humblestone,lhumblestoner8@google.co.jp,Male,120.107.247.111
982,Boycie,Fawks,bfawksr9@narod.ru,Male,48.228.70.84
983,Aldus,Ausiello,aausiellora@amazon.co.uk,Male,218.62.66.111
984,Abel,Allbones,aallbonesrb@kickstarter.com,Male,236.141.248.55
985,Farlay,Lomis,flomisrc@ezinearticles.com,Male,224.58.65.157
986,Tam,Hollington,thollingtonrd@dmoz.org,Male,173.171.54.27
987,Quinlan,Banbrigge,qbanbriggere@bloomberg.com,Male,195.41.179.45
988,Marlowe,Solesbury,msolesburyrf@mediafire.com,Male,26.181.134.59
989,Benedicto,Hawse,bhawserg@dagondesign.com,Agender,193.189.115.100
990,Valentia,McPhillips,vmcphillipsrh@51.la,Female,232.174.42.246
991,Ianthe,Balden,ibaldenri@ocn.ne.jp,Genderqueer,208.227.233.87
992,Candi,Dummer,cdummerrj@apple.com,Female,53.127.66.18
993,Scottie,Coolbear,scoolbearrk@ox.ac.uk,Male,183.249.211.66
994,Liana,Dawidowitz,ldawidowitzrl@gnu.org,Female,15.55.208.211
995,Wenonah,Veryan,wveryanrm@posterous.com,Female,22.162.121.33
996,Lorne,Castiblanco,lcastiblancorn@icq.com,Female,42.34.252.61
997,Frasco,Tofful,ftoffulro@japanpost.jp,Male,191.203.225.212
998,Kassandra,Lobe,kloberp@storify.com,Agender,18.211.168.151
999,Ania,MacCallam,amaccallamrq@army.mil,Polygender,5.47.10.137
1000,Nonah,Spellecy,nspellecyrr@qq.com,Female,214.180.139.49
